{"dataset": "dstc2_dev", "sessions": [{"session-id": "voip-f246dfe0f2-20130328_161556", "turns": [{"goal-labels": {"food": {"dontcare": 0.0017850666772574186, "afghan": 0.0004836783336941153, "african": 0.0006287189316935837, "afternoon tea": 1.430196221008373e-06, "asian oriental": 0.001657737186178565, "australasian": 4.003993308288045e-05, "australian": 0.0014911155449226499, "austrian": 0.0004305020556785166, "barbeque": 0.0008536189561709762, "basque": 0.0017904575215652585, "belgian": 0.0012952109100297093, "bistro": 0.0005428178119473159, "brazilian": 0.0005201007006689906, "british": 0.000449491897597909, "canapes": 0.0003741765394806862, "cantonese": 0.0006879655993543565, "caribbean": 0.0005668562953360379, "catalan": 0.000170824583619833, "chinese": 0.0021966183558106422, "christmas": 0.0012498770374804735, "corsica": 0.0003782541025429964, "creative": 0.0014365651877596974, "crossover": 0.00054046546574682, "cuban": 0.0020987761672586203, "danish": 0.001994243124499917, "eastern european": 9.402939440406044e-07, "english": 0.0007685042801313102, "eritrean": 0.00016903079813346267, "european": 0.0009278130019083619, "french": 0.0008116632234305143, "fusion": 0.0013354551047086716, "gastropub": 0.00015158919268287718, "german": 0.00032934179762378335, "greek": 0.0006901940796524286, "halal": 0.00013128991122357547, "hungarian": 0.003131185658276081, "indian": 0.000932735507376492, "indonesian": 0.00044217260438017547, "international": 0.00040636296034790576, "irish": 0.0003953554551117122, "italian": 0.00153498281724751, "jamaican": 0.0018017197726294398, "japanese": 0.0017154444940388203, "korean": 0.0010699450504034758, "kosher": 0.0006573171121999621, "latin american": 1.680349441812723e-06, "lebanese": 0.0002192360261688009, "light bites": 1.3472365480993176e-06, "malaysian": 0.0011942880228161812, "mediterranean": 0.0009689711150713265, "mexican": 0.0005890040192753077, "middle eastern": 1.3253367114884895e-06, "modern american": 1.2808696965294075e-06, "modern eclectic": 1.6839524050737964e-06, "modern european": 6.558972381753847e-05, "modern global": 1.5689068959545693e-06, "molecular gastronomy": 1.772299356161966e-06, "moroccan": 0.0009463525493629277, "new zealand": 1.227139591719606e-06, "north african": 1.7992924767895602e-06, "north american": 0.0005106903263367712, "north indian": 2.092581098622759e-06, "northern european": 1.321976355939114e-06, "panasian": 1.4751931303180754e-06, "persian": 0.0007349771913141012, "polish": 0.00011474834172986448, "polynesian": 0.0007421427872031927, "portuguese": 0.001979904482141137, "romanian": 0.00026054494082927704, "russian": 0.00045317632611840963, "scandinavian": 0.0004849734832532704, "scottish": 0.00013200880493968725, "seafood": 0.0013427343219518661, "singaporean": 0.00032966199796646833, "south african": 1.6971825971268117e-06, "south indian": 1.6026515368139371e-06, "spanish": 0.00045789009891450405, "sri lankan": 1.0814751476573292e-06, "steakhouse": 0.0021570848766714334, "swedish": 0.0005250847316347063, "swiss": 0.0004805094504263252, "thai": 0.001800347352400422, "the americas": 1.3399494491750374e-06, "traditional": 0.0010815748246386647, "turkish": 0.0012665926478803158, "tuscan": 0.0005040289252065122, "unusual": 0.0006499442388303578, "vegetarian": 0.0004005366354249418, "venetian": 0.00031099218176677823, "vietnamese": 0.00038444699021056294, "welsh": 0.0005327890394255519, "world": 0.0005043561686761677}, "pricerange": {"dontcare": 0.00010282227594871074, "cheap": 0.00017345213564112782, "moderate": 0.0007394814165309072, "expensive": 0.9979031682014465}, "name": {"dontcare": 8.98185078312963e-07, "ali baba": 9.412692065779993e-07, "anatolia": 9.075401408153994e-07, "ask": 6.2124325950208e-07, "backstreet bistro": 3.120099336229032e-06, "bangkok city": 6.027875656400283e-07, "bedouin": 7.232594612105459e-07, "bloomsbury restaurant": 0.0001254217349924147, "caffe uno": 4.903638455289183e-07, "cambridge lodge restaurant": 6.757914547961263e-07, "charlie chan": 4.068870111950673e-07, "chiquito restaurant bar": 0.0007172831683419645, "city stop restaurant": 7.858780577407742e-07, "clowns cafe": 1.192095169244567e-06, "cocum": 7.12963696969382e-07, "cote": 6.308242745944881e-07, "cotto": 7.542968205598299e-07, "curry garden": 1.270962570742995e-06, "curry king": 9.471501130065008e-07, "curry prince": 6.979558975217515e-07, "curry queen": 8.942312206272618e-07, "da vinci pizzeria": 8.0887672083918e-05, "da vince pizzeria": 9.475928095525887e-07, "darrys cookhouse and wine shop": 1.100604208659206e-06, "de luca cucina and bar": 9.126592317443283e-07, "dojo noodle bar": 8.407088785133965e-07, "don pasquale pizzeria": 7.0605591417916e-07, "efes restaurant": 1.079648995983007e-06, "eraina": 6.902673703734763e-07, "fitzbillies restaurant": 7.900727609921887e-07, "frankie and bennys": 6.67510050789133e-07, "galleria": 4.847938157581666e-07, "golden house": 9.065669246410835e-07, "golden wok": 1.0005663853007718e-06, "gourmet burger kitchen": 7.117761811059609e-07, "graffiti": 7.540127739957825e-07, "grafton hotel restaurant": 1.2471776926759048e-06, "hakka": 1.0004947625930072e-06, "hk fusion": 8.486346132485778e-07, "hotel du vin and bistro": 9.977164836527663e-07, "india house": 9.892452226267778e-07, "j restaurant": 1.1571306686164462e-06, "jinling noodle bar": 1.0040026836577454e-06, "kohinoor": 8.784167562225775e-07, "kymmoy": 8.375734523724532e-07, "la margherita": 6.273129429246183e-07, "la mimosa": 7.32242995127308e-07, "la raza": 9.384726240568853e-07, "la tasca": 9.759194199432386e-07, "lan hong house": 7.585342132188089e-07, "little seoul": 1.1934522490264499e-06, "loch fyne": 8.329120646521915e-07, "mahal of cambridge": 5.187267788642203e-07, "maharajah tandoori restaurant": 1.0213346968157566e-06, "meghna": 1.5452669686055742e-06, "meze bar restaurant": 5.879884383830358e-07, "michaelhouse cafe": 6.270497578952927e-07, "midsummer house restaurant": 1.064219077306916e-06, "nandos": 6.162582621982438e-07, "nandos city centre": 8.03209047717246e-07, "panahar": 4.814777412320836e-07, "peking restaurant": 1.4065857385503477e-06, "pipasha restaurant": 5.127895406076277e-07, "pizza express": 7.664573900001415e-07, "pizza express fen ditton": 6.032988153492624e-07, "pizza hut": 6.891564225952607e-07, "pizza hut city centre": 0.0006052412209101021, "pizza hut cherry hinton": 9.715012083688634e-07, "pizza hut fen ditton": 7.343108450186264e-07, "prezzo": 0.0002960704150609672, "rajmahal": 1.0243820725008845e-06, "restaurant alimentum": 8.861400146997767e-07, "restaurant one seven": 6.323758725557127e-07, "restaurant two two": 0.00017355786985717714, "rice boat": 6.48800039471098e-07, "rice house": 9.865676702247583e-07, "riverside brasserie": 5.327750045580615e-07, "royal spice": 1.0302024975317181e-06, "royal standard": 6.980711191317823e-07, "saffron brasserie": 7.182520675996784e-07, "saigon city": 9.872405826172326e-07, "saint johns chop house": 6.339585638670542e-07, "sala thong": 1.0500516509637237e-06, "sesame restaurant and bar": 5.771283895228407e-07, "shanghai family restaurant": 4.7608628506168316e-07, "shiraz restaurant": 4.676220726196334e-07, "sitar tandoori": 1.4631898466177518e-06, "stazione restaurant and coffee bar": 6.153550771159644e-07, "taj tandoori": 9.618802323529962e-07, "tandoori palace": 8.075532491602644e-07, "tang chinese": 1.6677229268680094e-06, "thanh binh": 7.203648806353158e-07, "the cambridge chop house": 1.4111485597823048e-06, "the copper kettle": 1.0573158988336218e-06, "the cow pizza kitchen and bar": 6.61363060316944e-07, "the gandhi": 1.4693985121994046e-06, "the gardenia": 8.968428915068216e-07, "the golden curry": 8.537551821063971e-07, "the good luck chinese food takeaway": 1.1854244803544134e-06, "the hotpot": 8.766986070440907e-07, "the lucky star": 4.61997387901647e-07, "the missing sock": 8.02148065304209e-07, "the nirala": 6.138440085123875e-07, "the oak bistro": 9.036537562678859e-07,